<Configuration>
    <Appenders>
        <Console name="Console" target="SYSTEM_OUT">
            <ThresholdFilter level="INFO" onMatch="ACCEPT" onMismatch="DENY"/>
            <PatternLayout pattern="%d{yyyy-MM-dd HH:mm:ss} %p %m%n"/>
        </Console>
        <File name="File" fileName="logsfile/mylogs.log" append="true">
<!--            <ThresholdFilter level="ERROR" onMatch="ACCEPT" onMismatch="DENY"></ThresholdFilter>-->
            <PatternLayout pattern="%d{yyyy-MM-dd HH:mm:ss} %p %m%n"/>
        </File>
    </Appenders>
    <Loggers>
        <Root level="TRACE">
            <AppenderRef ref="Console"/>
            <AppenderRef ref="File"/>
        </Root>

<!--        <Logger name="ConsoleLogger" level="INFO">
            <AppenderRef ref="Console"/>
        </Logger>
        <Logger name="FileLogger" level="ERROR">
            <AppenderRef ref="File"/>
        </Logger>-->
    </Loggers>
</Configuration>



